system,year,doctype,source_url,hash,n_tokens,retrieved_at
duke,2018,press_release,https://web.archive.org/web/20181012173236/https://corporate.dukehealth.org/community,4ebfa4519557,845,2026-05-16T18:18:23+00:00
duke,2025,press_release,https://web.archive.org/web/20250722163159/https://corporate.dukehealth.org/embed/youtube/thumbnail/r6cl1gmKa3Y,05366f0f7428,2075,2026-05-16T18:28:24+00:00
ucsf,2016,press_release,https://web.archive.org/web/20160729032531/https://www.ucsfhealth.org/news/2011/05/brisk_walking_may_help_men_with_prostate_cancer_ucsf_study_f.html,5f4a888a6e86,694,2026-05-16T18:28:53+00:00
ucsf,2012,press_release,https://web.archive.org/web/20120620194926/http://www.ucsfhealth.org:80/news/2011/03/ucsf_ranks_among_best_medical_nursing_schools_in_survey.html,fcc1b173df3e,552,2026-05-16T18:28:51+00:00
ucsf,2023,press_release,https://www.ucsf.edu/news/2023/06/425751/how-going-under-getting-greener,f80af99fdabe,1378,2026-05-16T18:27:43+00:00
ucsf,2024,press_release,https://www.ucsf.edu/news/2024/08/428291/ucsf-staffers-journey-legal-name-lived-name,11f2fa13adf3,852,2026-05-16T18:26:49+00:00
ucsf,2024,press_release,https://www.ucsf.edu/news/2024/12/429096/queer-ucsf-digital-producer-driven-expand-understanding-identity,05d7a40823ac,894,2026-05-16T18:25:57+00:00
ucsf,2024,press_release,https://www.ucsf.edu/news/2024/03/427326/bubble-crib-i-would-press-against-plastic-and-get-hugs,5272037008eb,849,2026-05-16T18:27:53+00:00
ucsf,2024,press_release,https://www.ucsf.edu/news/2024/07/428056/oakland-hospital-building-approved-construction,e31c12cd5379,764,2026-05-16T18:27:07+00:00
ucsf,2024,press_release,https://www.ucsf.edu/news/2024/03/427246/how-daylight-saving-impacts-your-sleep-and-what-do-about-it,b6f81d1aa84f,1039,2026-05-16T18:27:57+00:00
ucsf,2024,press_release,https://www.ucsf.edu/news/2024/07/428126/could-new-drug-turn-back-clock-multiple-sclerosis,74eec1838e64,1038,2026-05-16T18:26:55+00:00
ucsf,2024,press_release,https://www.ucsf.edu/news/2024/01/427056/ucsf-requests-faculty-staff-complete-out-date-mandatory-trainings,903978006831,649,2026-05-16T18:28:15+00:00
ucsf,2024,press_release,https://www.ucsf.edu/news/2024/07/428161/ucsf-health-welcomes-st-marys-and-saint-francis-hospitals,3df533f23a88,814,2026-05-16T18:27:03+00:00
ucsf,2024,press_release,https://www.ucsf.edu/news/2024/05/427701/traumatic-brain-injury-strikes-1-8-older-americans,ae253a7397a8,728,2026-05-16T18:27:27+00:00
ucsf,2024,press_release,https://www.ucsf.edu/news/2024/09/428431/how-spike-cancer-deaths-triggered-life-saving-partnership,a1403608aefd,1585,2026-05-16T18:26:35+00:00
ucsf,2024,press_release,https://www.ucsf.edu/news/2024/03/427331/app-may-pave-way-treatments-no-1-dementia-under-60s,f16fb86bbe1a,764,2026-05-16T18:27:53+00:00
ucsf,2024,press_release,https://www.ucsf.edu/news/2024/08/428281/what-are-chances-youll-get-pregnant-after-tubal-ligation,6c96291a9387,627,2026-05-16T18:26:51+00:00
ucsf,2024,press_release,https://www.ucsf.edu/news/2024/08/428241/gift-launches-new-ucsf-training-program-jobs-health-care,642fbc73cd89,732,2026-05-16T18:26:55+00:00
ucsf,2024,press_release,https://www.ucsf.edu/news/2024/03/427231/can-new-drug-candidate-cure-pancreatic-cancer,2a938f3293e9,641,2026-05-16T18:27:55+00:00
ucsf,2024,press_release,https://www.ucsf.edu/news/2024/02/427076/californias-first-latinx-surgeon-general-emphasizes-power-positive-childhood,b52b20e1a9f3,834,2026-05-16T18:28:09+00:00
ucsf,2024,press_release,https://www.ucsf.edu/news/2024/09/428411/interactive-art-helps-heal-patients-new-bayfront-medical-building,fe97fbbba712,944,2026-05-16T18:26:35+00:00
ucsf,2024,press_release,https://www.ucsf.edu/news/2024/10/428636/queer-femme-ucsf-faculty-member-importance-simple-greeting,a4b1cea5d108,864,2026-05-16T18:26:21+00:00
ucsf,2024,press_release,https://www.ucsf.edu/news/2024/07/427991/ucsf-health-and-ag-announce-agreement-saint-francis-st-marys,208f700b62fb,512,2026-05-16T18:27:13+00:00
ucsf,2024,press_release,https://www.ucsf.edu/news/2024/11/428851/ucsf-health-remain-open-patient-care-during-strike,d2d6386db7a2,541,2026-05-16T18:26:15+00:00
ucsf,2024,press_release,https://www.ucsf.edu/news/2024/04/427386/survivors-severe-covid-face-persistent-health-problems,80b767139ffc,564,2026-05-16T18:27:45+00:00
ucsf,2024,press_release,https://www.ucsf.edu/news/2024/05/427561/when-depression-meds-dont-work-may-help-you-turn-corner,42a60c668383,710,2026-05-16T18:27:34+00:00
ucsf,2024,press_release,https://www.ucsf.edu/news/2024/01/426986/could-bizarre-visual-symptoms-be-telltale-sign-alzheimers,45528698f6e1,900,2026-05-16T18:28:13+00:00
ucsf,2024,press_release,https://www.ucsf.edu/news/2024/07/428121/healthy-diet-less-sugar-linked-younger-biological-age,f08823c93a79,650,2026-05-16T18:27:01+00:00
ucsf,2024,press_release,https://www.ucsf.edu/news/2024/05/427521/emergency-department-packed-gills-someday-ai-may-help,ed8e9202d800,657,2026-05-16T18:27:37+00:00
ucsf,2024,press_release,https://www.ucsf.edu/news/2024/08/428181/supreme-courts-homelessness-ruling-could-compound-problem,063357ed986f,672,2026-05-16T18:26:53+00:00
ucsf,2024,press_release,https://www.ucsf.edu/news/2024/01/427041/passionate-ucsf-medical-resident-has-whirlwind-first-day,3ca40f8962c4,786,2026-05-16T18:28:03+00:00
ucsf,2024,press_release,https://www.ucsf.edu/news/2024/12/429131/believe-it-or-not-1-vape-has-20-cigarettes-worth-nicotine,545e76e46580,917,2026-05-16T18:25:57+00:00
ucsf,2024,press_release,https://www.ucsf.edu/news/2024/12/429031/4-ways-artificial-intelligence-poised-transform-medicine,71405a2efa1d,1293,2026-05-16T18:26:01+00:00
ucsf,2024,press_release,https://www.ucsf.edu/news/2024/02/427131/how-ai-can-help-spot-early-risk-factors-alzheimers-disease,3dd98d964b97,672,2026-05-16T18:28:05+00:00
ucsf,2024,press_release,https://www.ucsf.edu/news/2024/04/427411/how-inflamed-brain-becomes-disconnected-after-stroke,cb23f76f36cc,623,2026-05-16T18:27:47+00:00
ucsf,2024,press_release,https://www.ucsf.edu/news/2024/02/427141/ucsf-opens-worlds-first-center-excellence-gould-syndrome,0b92ba7735c2,1054,2026-05-16T18:28:03+00:00
ucsf,2024,press_release,https://www.ucsf.edu/news/2024/04/427456/how-bring-dignity-disability-care-put-person-first,472aa71efbe5,952,2026-05-16T18:27:40+00:00
ucsf,2024,press_release,https://www.ucsf.edu/news/2024/05/427686/how-space-research-helps-fight-infection-and-aging-back-earth,47b7971fceec,1059,2026-05-16T18:27:29+00:00
ucsf,2024,press_release,https://www.ucsf.edu/news/2024/07/427981/nonbinary-ucsf-staffer-why-being-our-truest-selves-matters,d12fe98f9bcd,890,2026-05-16T18:27:07+00:00
ucsf,2024,press_release,https://www.ucsf.edu/news/2024/12/429006/engineered-immune-cells-may-be-able-tame-inflammation,e6054d9f8f23,644,2026-05-16T18:26:05+00:00
ucsf,2024,press_release,https://www.ucsf.edu/news/2024/06/427971/scientists-discover-how-make-ordinary-fat-cells-burn-calories,7f2135373b04,684,2026-05-16T18:27:11+00:00
ucsf,2024,press_release,https://www.ucsf.edu/news/2024/09/428516/how-ucsfs-historic-parnassus-heights-campus-rose-remote-sand-dunes,75f295b0362e,2622,2026-05-16T18:26:27+00:00
ucsf,2024,press_release,https://www.ucsf.edu/news/2024/12/429266/extended-paxlovid-may-help-some-people-long-covid,4b0d77ac71c8,653,2026-05-16T18:25:55+00:00
ucsf,2024,press_release,https://www.ucsf.edu/news/2024/06/427966/prostate-cancer-test-missing-early-disease-transgender-women,793143d4f339,546,2026-05-16T18:27:13+00:00
ucsf,2024,press_release,https://www.ucsf.edu/news/2024/02/427111/telehealth-safe-visit-clinic-abortion-pills,62538184fd7c,602,2026-05-16T18:28:07+00:00
ucsf,2024,press_release,https://www.ucsf.edu/news/2024/08/428211/cracking-codes-cellular-communication,eae5026231a5,1245,2026-05-16T18:26:55+00:00
ucsf,2024,press_release,https://www.ucsf.edu/news/2024/02/427121/ucsf-tops-public-universities-nih-research-funding-2023,e7f6e85f1bcd,623,2026-05-16T18:28:07+00:00
ucsf,2024,press_release,https://www.ucsf.edu/news/2024/06/427976/treating-trauma-in-young-kids-may-ward-off-adulthood-disease,8d277aef8b44,918,2026-05-16T18:26:53+00:00
ucsf,2024,press_release,https://www.ucsf.edu/news/2024/09/428436/vizient-recognizes-ucsf-health-top-quality-patient-care,c860d51141cd,568,2026-05-16T18:26:39+00:00
ucsf,2024,press_release,https://www.ucsf.edu/news/2024/04/427436/signs-multiple-sclerosis-show-blood-years-symptoms-appear,31b94e96403f,1101,2026-05-16T18:27:45+00:00
ucsf,2024,press_release,https://www.ucsf.edu/news/2024/07/428096/electric-scooter-and-bike-accidents-are-soaring-across-us,a1a12f356fb6,929,2026-05-16T18:27:03+00:00
ucsf,2024,press_release,https://www.ucsf.edu/news/2024/06/427891/how-ucsf-creatives-crafted-community-and-confidence-handmade-art,521af9df5328,904,2026-05-16T18:27:15+00:00
ucsf,2024,press_release,https://www.ucsf.edu/news/2024/05/427501/say-what-microaggressions-your-health-and-what-do-about-them,2be9887d3fd4,1728,2026-05-16T18:27:41+00:00
ucsf,2024,press_release,https://www.ucsf.edu/news/2024/02/427151/dozens-new-trees-take-root-around-parnassus-heights,5d1947202781,679,2026-05-16T18:28:03+00:00
ucsf,2024,press_release,https://www.ucsf.edu/news/2024/11/428896/how-optogenetics-can-put-brakes-epilepsy-seizures,face7fe53e2c,897,2026-05-16T18:26:07+00:00
ucsf,2024,press_release,https://www.ucsf.edu/news/2024/06/427876/new-therapy-improves-lives-girls-and-women-rett-syndrome,ce2a392f7d77,1047,2026-05-16T18:27:17+00:00
ucsf,2024,press_release,https://www.ucsf.edu/news/2024/08/428261/powerful-new-mini-microscope-will-enable-precision-cancer-surgery,d11e5197f75f,1066,2026-05-16T18:26:47+00:00
ucsf,2024,press_release,https://www.ucsf.edu/news/2024/11/428966/ucsfs-largest-rooftop-gardens-undergo-vibrant-year-long-transformation,2074df70be8e,1014,2026-05-16T18:26:11+00:00
ucsf,2024,press_release,https://www.ucsf.edu/news/2024/12/429161/microplastics-air-may-be-leading-lung-and-colon-cancers,e790cdbcb6a5,562,2026-05-16T18:25:55+00:00
ucsf,2024,press_release,https://www.ucsf.edu/news/2024/12/429271/women-ms-mobility-takes-step-backward-menopause,103af785adef,546,2026-05-16T18:25:53+00:00
ucsf,2024,press_release,https://www.ucsf.edu/news/2024/01/427031/whats-behind-surge-fatty-liver-disease-latinx-kids,bc982a3f0276,697,2026-05-16T18:27:55+00:00
ucsf,2024,press_release,https://www.ucsf.edu/news/2024/10/428676/ucsf-lead-expansion-aanhpi-research-registry,a8b2b6a96986,781,2026-05-16T18:26:21+00:00
ucsf,2024,press_release,https://www.ucsf.edu/news/2024/06/427856/workforce-agreement-supports-local-labor-oakland-hospital,afc87e6d0f66,718,2026-05-16T18:27:15+00:00
ucsf,2024,press_release,https://www.ucsf.edu/news/2024/06/427831/cure-multiple-sclerosis-scientists-say-within-our-lifetime,b3fcb6294c94,2526,2026-05-16T18:27:17+00:00
ucsf,2024,press_release,https://www.ucsf.edu/news/2024/05/427741/family-dysfunction-and-conflict-can-lead-risky-teen-behavior,5ab75c6d06d8,698,2026-05-16T18:27:19+00:00
ucsf,2024,press_release,https://www.ucsf.edu/news/2024/07/428016/ucsf-school-nursing-steps-future-farewell-longtime-home,a6292dcdedb1,1299,2026-05-16T18:27:05+00:00
ucsf,2024,press_release,https://www.ucsf.edu/news/2024/04/427421/children-specializing-one-sport-more-harm-than-good,61a3390d74de,807,2026-05-16T18:27:41+00:00
ucsf,2024,press_release,https://www.ucsf.edu/news/2024/10/428706/ucsf-receives-major-award-speed-drug-development-ai,a532358edc37,536,2026-05-16T18:26:21+00:00
ucsf,2024,press_release,https://www.ucsf.edu/news/2024/06/427936/its-not-naive-treating-youth-violence-disease-gets-results,d0f69e22aecc,1382,2026-05-16T18:27:10+00:00
ucsf,2024,press_release,https://www.ucsf.edu/news/2024/09/428401/living-your-best-life-means-embracing-last-years-too,ad5a96d235f9,828,2026-05-16T18:26:45+00:00
ucsf,2024,press_release,https://www.ucsf.edu/news/2024/09/428521/ucsf-clinical-professor-living-most-joyful-chapter-following-transition,787003af3e47,705,2026-05-16T18:26:31+00:00
ucsf,2024,press_release,https://www.ucsf.edu/news/2024/10/428691/two-ucsf-faculty-elected-national-academy-medicine,8a5628981074,508,2026-05-16T18:26:23+00:00
ucsf,2024,press_release,https://www.ucsf.edu/news/2024/07/428076/panel-issues-first-guidelines-prevent-anal-cancer-people-hiv,801d43bace1e,639,2026-05-16T18:27:09+00:00
ucsf,2024,press_release,https://www.ucsf.edu/news/2024/08/428346/new-study-can-your-phone-and-ai-track-parkinsons-progression,98e8858cbd80,1353,2026-05-16T18:26:41+00:00
ucsf,2024,press_release,https://www.ucsf.edu/news/2024/03/427271/payam-nahid-to-head-ucsf-institute-global-health-sciences,9a956ba4e8be,545,2026-05-16T18:27:47+00:00
ucsf,2024,press_release,https://www.ucsf.edu/news/2024/10/428681/how-oral-microbiome-connected-overall-human-health,cfb345cfdc89,1453,2026-05-16T18:26:19+00:00
ucsf,2024,press_release,https://www.ucsf.edu/news/2024/09/428536/ucsf-breaks-ground-bakar-research-and-academic-building,ea4de563c149,1182,2026-05-16T18:26:33+00:00
ucsf,2024,press_release,https://www.ucsf.edu/news/2024/11/428986/ucsfs-dan-bernal-honored-lifetime-hivaids-service,dd3b5625d023,918,2026-05-16T18:26:09+00:00
ucsf,2024,press_release,https://www.ucsf.edu/news/2024/10/428666/why-some-prostate-cancers-shouldnt-be-called-cancer,48fea4becd74,781,2026-05-16T18:26:11+00:00
ucsf,2024,press_release,https://www.ucsf.edu/news/2024/04/427476/ucsf-health-celebrates-launch-hospital-future,04ac2b8de67d,1167,2026-05-16T18:27:37+00:00
ucsf,2024,press_release,https://www.ucsf.edu/news/2024/04/427451/how-rupa-tuan-turned-lifetime-family-lessons-teaching-career,f9c46c5dee23,921,2026-05-16T18:27:43+00:00
ucsf,2024,press_release,https://www.ucsf.edu/news/2024/07/428106/ucsf-leader-dedicated-people-deeply-moved-mentoring-award,e496ce4db44f,1096,2026-05-16T18:26:59+00:00
ucsf,2024,press_release,https://www.ucsf.edu/news/2024/08/428361/83-students-go-science-thanks-diversity-initiative,d2d01e8bf3a9,1604,2026-05-16T18:26:43+00:00
ucsf,2024,press_release,https://www.ucsf.edu/news/2024/04/427381/ucsf-grad-slam-your-brain-your-mother-tongue,4a78e1875a00,1472,2026-05-16T18:27:43+00:00
ucsf,2024,press_release,https://www.ucsf.edu/news/2024/07/427996/scientists-may-have-found-how-diagnose-elusive-neuro-disorder,cc2465f82714,1237,2026-05-16T18:27:05+00:00
ucsf,2024,press_release,https://www.ucsf.edu/news/2024/03/427241/covid-19-virus-can-stay-body-more-year-after-infection,3d13b99dbf73,658,2026-05-16T18:27:59+00:00
ucsf,2024,press_release,https://www.ucsf.edu/news/2024/03/427266/how-cindy-chang-md-rewrote-history-sports-medicine,b86da91785cb,802,2026-05-16T18:27:53+00:00
ucsf,2024,press_release,https://www.ucsf.edu/news/2024/09/428441/uc-regents-approve-ucsf-proton-therapy-building-cancer-care,1185e53a6dd8,913,2026-05-16T18:26:31+00:00
ucsf,2024,press_release,https://www.ucsf.edu/news/2024/10/428571/how-doxycycline-sti-prevention-affects-gut-microbiome,e6b07a7648c6,720,2026-05-16T18:26:23+00:00
ucsf,2024,press_release,https://www.ucsf.edu/news/2024/08/428226/inside-ucsf-internship-program-inspiring-scientists-tomorrow,65228f60af27,1063,2026-05-16T18:26:49+00:00
ucsf,2024,press_release,https://www.ucsf.edu/news/2024/04/427461/riding-bike-how-start-biking-work-ucsf,f8b4bdc8a2e0,780,2026-05-16T18:27:37+00:00
ucsf,2024,press_release,https://www.ucsf.edu/news/2024/10/428646/ucsf-health-atlas-expands-its-reach-nationwide-mapping-tool,ee0835a7f8dc,1102,2026-05-16T18:26:23+00:00
ucsf,2024,press_release,https://www.ucsf.edu/news/2024/04/427376/san-francisco-giants-hand-surgeon-saves-fingers-and-hands,e0ad8092dac9,618,2026-05-16T18:27:41+00:00
ucsf,2024,press_release,https://www.ucsf.edu/news/2024/10/428671/two-spectacular-ucsf-mentors-honored-dedication-next-generation,e8c021fcd2bf,1302,2026-05-16T18:26:19+00:00
ucsf,2024,press_release,https://www.ucsf.edu/news/2024/11/428886/why-gender-nonbinary-ucsf-staffer-offers-grace-simply-trying,a656c9131f56,738,2026-05-16T18:26:09+00:00
ucsf,2024,press_release,https://www.ucsf.edu/news/2024/01/427061/ucsf-tops-prestigious-fulbright-list-again-students-build-international-reach,bb38f885b17e,987,2026-05-16T18:28:07+00:00
ucsf,2024,press_release,https://www.ucsf.edu/news/2024/06/427951/ucsf-aids-walk-teams-call-donations-support-those-living-hiv,33e6dbaafa30,1206,2026-05-16T18:27:11+00:00
ucsf,2024,press_release,https://www.ucsf.edu/news/2024/12/429021/how-cancer-drug-could-make-radiation-slam-dunk-therapy,324dcb417055,700,2026-05-16T18:26:01+00:00
ucsf,2024,press_release,https://www.ucsf.edu/news/2024/05/427566/sending-abortion-pills-through-mail-timely-and-effective,aae8a0991ba4,1151,2026-05-16T18:27:35+00:00
ucsf,2024,press_release,https://www.ucsf.edu/news/2024/12/429011/molecular-zip-code-draws-killer-t-cells-brain-tumors,dea02756b924,757,2026-05-16T18:26:03+00:00
ucsf,2024,press_release,https://www.ucsf.edu/news/2024/02/427136/first-tissue-bank-may-help-solve-mystery-long-covid-misery,87bd440df0f8,589,2026-05-16T18:28:05+00:00
ucsf,2024,press_release,https://www.ucsf.edu/news/2024/08/428251/ketogenic-diet-could-improve-response-pancreatic-cancer-therapy,44b424fdafb2,817,2026-05-16T18:26:51+00:00
ucsf,2024,press_release,https://www.ucsf.edu/news/2024/09/428366/new-hope-progressive-supranuclear-palsy-innovative-trial,e2b7517d4d4f,843,2026-05-16T18:26:43+00:00
ucsf,2024,press_release,https://www.ucsf.edu/news/2024/10/428656/ucsf-health-opens-new-outpatient-pharmacies-san-francisco,46c9e2c8cb6b,786,2026-05-16T18:26:17+00:00
ucsf,2024,press_release,https://www.ucsf.edu/news/2024/10/428701/poor-sleep-midlife-linked-faster-brain-atrophy,8b4aae3652f3,665,2026-05-16T18:26:17+00:00
ucsf,2024,press_release,https://www.ucsf.edu/news/2024/11/428831/1-genomic-test-can-diagnose-nearly-any-infection,c08ed55a5e4f,2009,2026-05-16T18:26:17+00:00
ucsf,2024,press_release,https://www.ucsf.edu/news/2024/03/427256/allen-institute-joins-weill-neurohub,8e7c105b87cd,723,2026-05-16T18:27:58+00:00
ucsf,2024,press_release,https://www.ucsf.edu/news/2024/03/427276/active-social-lives-help-dementia-patients-caregivers-thrive,972b22ffbc27,642,2026-05-16T18:27:51+00:00
ucsf,2024,press_release,https://www.ucsf.edu/news/2024/05/427661/how-neurons-build-3-d-vascular-structure-keep-retina-healthy,f21cf4df3994,671,2026-05-16T18:27:29+00:00
ucsf,2024,press_release,https://www.ucsf.edu/news/2024/07/428111/what-know-about-long-covid-and-how-reduce-your-risk,935630d83d30,1883,2026-05-16T18:27:01+00:00
ucsf,2024,press_release,https://www.ucsf.edu/news/2024/02/427116/to-appreciate-music-human-brain-listens-and-learns-to-predict,c6f260389310,578,2026-05-16T18:28:11+00:00
ucsf,2024,press_release,https://www.ucsf.edu/news/2024/01/426976/genetic-discovery-reveals-who-can-benefit-preterm-birth-therapy,78cad615972d,890,2026-05-16T18:28:15+00:00
ucsf,2024,press_release,https://www.ucsf.edu/news/2024/05/427576/race-save-one-infants-chance-hear-cochlear-implant,cf07ad5024c9,2802,2026-05-16T18:27:35+00:00
ucsf,2024,press_release,https://www.ucsf.edu/news/2024/01/427006/new-president-lead-growth-ucsf-benioff-childrens-hospitals,70f893752aa4,619,2026-05-16T18:28:13+00:00
ucsf,2024,press_release,https://www.ucsf.edu/news/2024/09/428471/clinical-trial-could-move-needle-traumatic-brain-injury,1d3ce4b25c21,824,2026-05-16T18:26:29+00:00
ucsf,2024,press_release,https://www.ucsf.edu/news/2024/09/428391/john-clements-whose-science-transformed-newborn-care-dies-101,14a90aad09bc,1108,2026-05-16T18:26:41+00:00
ucsf,2024,press_release,https://www.ucsf.edu/news/2024/04/427426/gene-therapy-halting-cancer-can-it-work-against-brain-tumors,2b23449cf4f7,788,2026-05-16T18:27:45+00:00
ucsf,2024,press_release,https://www.ucsf.edu/news/2024/09/428421/molecular-signal-works-its-magic-inside-straitjacket,24cf631ee889,814,2026-05-16T18:26:37+00:00
ucsf,2024,press_release,https://www.ucsf.edu/news/2024/08/428176/scientists-get-bottom-covids-worst-pediatric-complication,c3f9fcc2feaf,1543,2026-05-16T18:26:57+00:00
ucsf,2024,press_release,https://www.ucsf.edu/news/2024/05/427641/there-was-no-other-way-how-ucsf-got-its-news-three-decades-ago,5c175a747de0,954,2026-05-16T18:27:23+00:00
ucsf,2024,press_release,https://www.ucsf.edu/news/2024/05/427656/courage-and-strength-helps-ucsf-research-analyst-be-authentic-self,269d548bde65,645,2026-05-16T18:27:25+00:00
ucsf,2024,press_release,https://www.ucsf.edu/news/2024/01/426971/could-two-drugs-be-better-one-treating-prostate-cancer,d6b02667572d,501,2026-05-16T18:28:13+00:00
ucsf,2024,press_release,https://www.ucsf.edu/news/2024/09/428546/why-your-flu-shot-might-come-colon-cancer-test,43db9674b2af,1514,2026-05-16T18:26:35+00:00
ucsf,2024,press_release,https://www.ucsf.edu/news/2024/08/428266/expert-heres-what-know-about-mpox-outbreak-emergency,e52a105c3a5a,719,2026-05-16T18:26:47+00:00
ucsf,2024,press_release,https://www.ucsf.edu/news/2024/02/427156/ucsf-health-expands-network-care-2-hawaii-hospitals,963ace33a175,837,2026-05-16T18:27:59+00:00
ucsf,2024,press_release,https://www.ucsf.edu/news/2024/10/428576/trauma-takes-its-toll-end-life,7d4634749788,720,2026-05-16T18:26:25+00:00
ucsf,2024,press_release,https://www.ucsf.edu/news/2024/06/427821/reset-your-kids-summer-screen-use,5db7f1b37027,674,2026-05-16T18:27:21+00:00
ucsf,2024,press_release,https://www.ucsf.edu/news/2024/02/427071/two-san-franciscos-longest-serving-hospitals-join-ucsf-health,07c902af8ddb,1239,2026-05-16T18:28:15+00:00
ucsf,2024,press_release,https://www.ucsf.edu/news/2024/12/429086/how-we-could-test-unhealthy-alcohol-use-its-too-late,b02ae5b1f23e,521,2026-05-16T18:25:59+00:00
ucsf,2024,press_release,https://www.ucsf.edu/news/2024/09/428456/research-points-way-modulate-scarring-spinal-cord-injury,78cdd9344aad,740,2026-05-16T18:26:39+00:00
ucsf,2024,press_release,https://www.ucsf.edu/news/2024/09/428371/ucsf-dentistry-expands-community-education-third-year-students,fefa02dc366e,717,2026-05-16T18:26:43+00:00
ucsf,2024,press_release,https://www.ucsf.edu/news/2024/09/428396/now-time-new-covid-19-shot,881c85477073,658,2026-05-16T18:26:37+00:00
ucsf,2024,press_release,https://www.ucsf.edu/news/2024/09/428416/how-many-people-have-fib-three-times-more-we-thought,81a8d9fb3cf1,527,2026-05-16T18:26:39+00:00
ucsf,2024,press_release,https://www.ucsf.edu/news/2024/05/427546/teenage-patients-celebrate-harry-potter-themed-prom-ucsf,188b977f6f37,822,2026-05-16T18:27:32+00:00
ucsf,2024,press_release,https://www.ucsf.edu/news/2024/09/428486/why-breathing-reduces-anxiety-and-boosts-our-mood,4b8a83ecc3f4,1452,2026-05-16T18:26:33+00:00
ucsf,2024,press_release,https://www.ucsf.edu/news/2024/06/427896/ucsf-scientists-win-pew-awards-cancer-and-neuroscience-research,638c89fe99c4,760,2026-05-16T18:27:15+00:00
ucsf,2024,press_release,https://www.ucsf.edu/news/2024/06/427841/type-1-diabetes-distress-focus-first-managing-emotions,e78a4a013062,694,2026-05-16T18:27:21+00:00
ucsf,2024,press_release,https://www.ucsf.edu/news/2024/12/429136/can-ai-improve-diagnosis-rare-diseases,ef84edbf79d4,740,2026-05-16T18:25:59+00:00
ucsf,2024,press_release,https://www.ucsf.edu/news/2024/02/427081/judo-move-scientists-use-cancers-strength-fight-against-it,69dc0ba2cdd8,623,2026-05-16T18:28:09+00:00
ucsf,2024,press_release,https://www.ucsf.edu/news/2024/12/429046/are-health-disparities-part-climate-change-or-can-we-avoid-them,65b8c0434e32,605,2026-05-16T18:25:49+00:00
ucsf,2024,press_release,https://www.ucsf.edu/news/2024/08/428256/giving-antibiotic-all-children-under-5-africa-saves-lives,cb6ccfaaafeb,729,2026-05-16T18:26:51+00:00
ucsf,2024,press_release,https://www.ucsf.edu/news/2024/12/429151/ucsf-hospitals-receive-top-hospital-award-quality-safety,4d5c3f8c9350,696,2026-05-16T18:25:59+00:00
ucsf,2024,press_release,https://www.ucsf.edu/news/2024/09/428406/global-health-initiative-improves-patient-care-13-countries,1ce7c10d100d,1472,2026-05-16T18:26:37+00:00
ucsf,2024,press_release,https://www.ucsf.edu/news/2024/01/427066/research-can-help-protect-access-abortion-biden-secretary-says,69a551eaf518,604,2026-05-16T18:28:11+00:00
ucsf,2024,press_release,https://www.ucsf.edu/news/2024/06/427766/improve-health-care-underserved-train-local-residents,1c60b40a4516,1081,2026-05-16T18:27:21+00:00
ucsf,2024,press_release,https://www.ucsf.edu/news/2024/11/428876/ai-tool-helps-neurosurgeons-find-sneaky-cancer-cells,7c612f75f4ee,634,2026-05-16T18:26:11+00:00
ucsf,2024,press_release,https://www.ucsf.edu/news/2024/11/428926/chancellor-celebrates-ucsfs-momentum-2024-state-university-address,42f2bce52edd,1988,2026-05-16T18:26:05+00:00
ucsf,2024,press_release,https://www.ucsf.edu/news/2024/04/427491/ucsf-health-hospitals-earn-national-grade-patient-safety,0e01741451ce,540,2026-05-16T18:27:39+00:00
ucsf,2024,press_release,https://www.ucsf.edu/news/2024/06/427906/queer-black-ucsf-staffer-reflects-importance-names-pronouns-everyone,00d9c0eec118,710,2026-05-16T18:27:11+00:00
ucsf,2024,press_release,https://www.ucsf.edu/news/2024/09/428381/how-newly-identified-biomarkers-could-reveal-risk-factors-sids,8f20dbaa0bfd,559,2026-05-16T18:26:45+00:00
ucsf,2024,press_release,https://www.ucsf.edu/news/2024/02/427146/new-walnut-creek-cancer-center-brings-specialty-care-close-home,de48fa326df4,813,2026-05-16T18:27:59+00:00
ucsf,2024,press_release,https://www.ucsf.edu/news/2024/02/427161/how-to-limit-microplastics-dangers,71dc4685c562,1599,2026-05-16T18:28:01+00:00
ucsf,2024,press_release,https://www.ucsf.edu/news/2024/01/427046/can-native-speakers-change-health-care-navajo-nation,f7f81c7bfb05,1523,2026-05-16T18:28:11+00:00
ucsf,2024,press_release,https://www.ucsf.edu/news/2024/06/427941/new-study-shows-medication-abortion-without-ultrasound-be-safe,634c72f8446a,746,2026-05-16T18:27:09+00:00
ucsf,2024,press_release,https://www.ucsf.edu/news/2024/06/427786/parents-have-power-over-tweens-screen-use,bcd1d9538f97,637,2026-05-16T18:27:19+00:00
ucsf,2024,press_release,https://www.ucsf.edu/news/2024/11/428771/how-keto-diet-could-one-day-treat-autoimmune-disorders,cd0b03846fb6,577,2026-05-16T18:26:13+00:00
ucsf,2024,press_release,https://www.ucsf.edu/news/2024/05/427601/native-american-learners-forge-strong-connections-heritage-ucsf,277187bfeba3,1017,2026-05-16T18:27:32+00:00
ucsf,2024,press_release,https://www.ucsf.edu/news/2024/11/428881/engineered-receptors-help-immune-system-home-cancer,5c6636e6d8c1,1062,2026-05-16T18:26:07+00:00
ucsf,2024,press_release,https://www.ucsf.edu/news/2024/02/427176/think-smoking-cannabis-wont-damage-your-heart-think-again,134ec6915fc3,540,2026-05-16T18:28:01+00:00
ucsf,2024,press_release,https://www.ucsf.edu/news/2024/02/427126/bowes-biomedical-investigator-takes-aim-cracking-cellular-communication-code,d5d2709af3ce,1009,2026-05-16T18:28:05+00:00
ucsf,2024,press_release,https://www.ucsf.edu/news/2024/06/427771/insiders-view-why-its-important-take-uc-required-security-trainings,2f2786df6ebb,548,2026-05-16T18:27:19+00:00
ucsf,2024,press_release,https://www.ucsf.edu/news/2024/08/428171/360-degree-approach-adhd-working-local-schools,175bca937e3a,972,2026-05-16T18:27:01+00:00
ucsf,2024,press_release,https://www.ucsf.edu/news/2024/04/427471/ucsf-learners-use-foster-youth-experience-fuel-passion-health-care,d4fb851274ff,1606,2026-05-16T18:27:36+00:00
ucsf,2024,press_release,https://www.ucsf.edu/news/2024/05/427651/smoking-fentanyl-rising-sf-deadly-new-risk-overdose,b90b72a9ce2d,645,2026-05-16T18:27:25+00:00
ucsf,2024,press_release,https://www.ucsf.edu/news/2024/07/428046/ucsf-medical-center-ranks-among-nations-exceptional-hospitals,518698caab0a,956,2026-05-16T18:27:05+00:00
ucsf,2024,press_release,https://www.ucsf.edu/news/2024/03/427316/carol-dawson-rose-named-new-dean-ucsf-school-nursing,4bdb9c0cd646,992,2026-05-16T18:27:51+00:00
ucsf,2024,press_release,https://www.ucsf.edu/news/2024/09/428376/scientists-discover-how-drug-wily-disease-causing-enzymes,a13f67b32197,631,2026-05-16T18:26:45+00:00
ucsf,2024,press_release,https://www.ucsf.edu/news/2024/05/427646/joseph-papa-doesnt-know-quit-even-after-2-acl-tears,949037a0fb33,741,2026-05-16T18:27:25+00:00
ucsf,2024,press_release,https://www.ucsf.edu/news/2024/01/426996/why-do-young-women-multiple-sclerosis-face-health-disparities,eb3f530603a7,581,2026-05-16T18:28:17+00:00
ucsf,2024,press_release,https://www.ucsf.edu/news/2024/10/428586/ucsf-benioff-childrens-hospitals-tie-best-northern-california-2024-2025,6d1b4b497e79,707,2026-05-16T18:26:27+00:00
ucsf,2024,press_release,https://www.ucsf.edu/news/2024/08/428296/invaluable-ucsf-registrar-keeps-time-integrity-surprising-side-job,d79ac389509b,1263,2026-05-16T18:26:31+00:00
ucsf,2024,press_release,https://www.ucsf.edu/news/2024/01/427051/are-body-temperature-and-depression-linked-science-says-yes,d6d52fcb44a3,530,2026-05-16T18:28:17+00:00
ucsf,2024,press_release,https://www.ucsf.edu/news/2024/10/428696/ask-expert-h5n9-bird-flu-threat-humans,bdeb55a2d543,1392,2026-05-16T18:25:37+00:00
ucsf,2024,press_release,https://www.ucsf.edu/news/2024/06/427826/how-cell-cycle-orchestra-plays-unexpected-new-tune,7f0ad49caf46,755,2026-05-16T18:27:23+00:00
ucsf,2024,press_release,https://www.ucsf.edu/news/2024/08/428276/ucsf-health-opens-comprehensive-care-facility-mission-bay,b6464a3f77a1,1469,2026-05-16T18:26:49+00:00
ucsf,2024,press_release,https://www.ucsf.edu/news/2024/04/427431/what-makes-you-cough-when-something-goes-down-wrong-pipe,e88eaa09a525,749,2026-05-16T18:27:47+00:00
ucsf,2024,press_release,https://www.ucsf.edu/news/2024/11/428826/ucsf-dermatologist-enlists-help-rock-stars-debut-solo-album,b7545a381555,1386,2026-05-16T18:26:15+00:00
ucsf,2024,press_release,https://www.ucsf.edu/news/2024/10/428631/new-program-trains-data-scientists-who-are-transforming-medicine,0b12edee3745,722,2026-05-16T18:26:25+00:00
ucsf,2024,press_release,https://www.ucsf.edu/news/2024/10/428591/when-it-comes-emergency-care-chatgpt-overprescribes,0a838b68fbdb,583,2026-05-16T18:26:25+00:00
ucsf,2024,press_release,https://www.ucsf.edu/news/2024/07/428011/scientists-discover-new-hormone-can-build-strong-bones,3c0ab8a160fc,898,2026-05-16T18:27:07+00:00
ucsf,2024,press_release,https://www.ucsf.edu/news/2024/06/427851/feeling-rough-after-your-covid-shot-congrats-its-working,4535edeae451,511,2026-05-16T18:27:17+00:00
ucsf,2024,press_release,https://www.ucsf.edu/news/2024/10/428746/new-rsv-vaccine-distribution-whos-top-list,ac6b4b0c7dc3,889,2026-05-16T18:26:13+00:00
ucsf,2024,press_release,https://www.ucsf.edu/news/2024/11/428776/how-switchable-car-t-therapy-sets-its-sights-deadly-brain-cancer,7b3eb7ef9a25,674,2026-05-16T18:26:15+00:00
ucsf,2024,press_release,https://www.ucsf.edu/news/2024/12/429001/5-emerging-ucsf-leaders-envision-future-health-science,c7dcf21caf5c,2159,2026-05-16T18:26:03+00:00
ucsf,2024,press_release,https://www.ucsf.edu/news/2024/04/427391/new-parkinsons-treatment-helps-former-pro-keep-skateboarding,26c349d423d0,1346,2026-05-16T18:26:47+00:00
ucsf,2024,press_release,https://www.ucsf.edu/news/2024/12/429211/scientists-take-first-steps-toward-growing-organs-scratch,cd218bd227a7,658,2026-05-16T18:25:55+00:00
ucsf,2024,press_release,https://www.ucsf.edu/news/2024/08/425456/covid-19-masks-expert-tips-what-you-should-and-shouldnt-do,7f04147f0b59,955,2026-05-16T18:26:57+00:00
ucsf,2024,press_release,https://www.ucsf.edu/news/2024/05/427581/ucsf-honors-changing-faces-health-care-2024-diversity-graduation,9c758ec4b846,1084,2026-05-16T18:27:33+00:00
ucsf,2024,press_release,https://www.ucsf.edu/news/2024/10/428641/ucsf-and-nasa-explore-joint-ways-benefit-cancer-patients,848639d71bdd,1613,2026-05-16T18:26:29+00:00
ucsf,2024,press_release,https://www.ucsf.edu/news/2024/08/428301/general-exercise-good-yoga-female-urinary-incontinence,a24981b13a45,672,2026-05-16T18:26:41+00:00
ucsf,2024,press_release,https://www.ucsf.edu/news/2024/12/428996/surprising-effect-stress-your-brains-reward-system,ab7a1a18bd56,727,2026-05-16T18:26:05+00:00
ucsf,2024,press_release,https://www.ucsf.edu/news/2024/05/427586/new-ucsf-study-find-out-what-drives-cancer-asian-americans,3000b063b472,749,2026-05-16T18:27:29+00:00
ucsf,2024,press_release,https://www.ucsf.edu/news/2024/02/427171/could-we-assess-autism-children-simple-eye-reflex-test,322458ae6e0a,954,2026-05-16T18:28:03+00:00
ucsf,2024,press_release,https://www.ucsf.edu/news/2024/03/427281/local-artist-adia-millett-selected-benioff-oakland-facade-art,bdd4adbcc1b6,601,2026-05-16T18:27:52+00:00
ucsf,2024,press_release,https://www.ucsf.edu/news/2024/03/427311/us-supreme-court-weighs-mifepristone-abortion-care,64ca607bc219,1419,2026-05-16T18:27:49+00:00
ucsf,2024,press_release,https://www.ucsf.edu/news/2024/07/427986/poor-health-stress-20s-takes-toll-40s-lower-cognition,db9032f9801d,605,2026-05-16T18:27:13+00:00
ucsf,2024,press_release,https://www.ucsf.edu/news/2024/07/428101/david-morris-named-vice-chancellor-innovation-ventures,ee12238be298,624,2026-05-16T18:26:59+00:00
ucsf,2024,press_release,https://www.ucsf.edu/news/2024/02/427101/ucsf-health-adventist-health-and-madera-county-officials-announce-proposal,309aeeef5abc,945,2026-05-16T18:28:09+00:00
ucsf,2025,press_release,https://www.ucsf.edu/news/2025/10/430836/ucsf-wins-7-prestigious-nih-awards-high-impact-work,bce48accb508,1060,2026-05-16T18:24:09+00:00
ucsf,2025,press_release,https://www.ucsf.edu/news/2025/08/430596/ucsf-bayfront-medical-building-had-129k-patient-visits-first-year,e906dcb03e2b,629,2026-05-16T18:24:21+00:00
ucsf,2025,press_release,https://www.ucsf.edu/news/2025/12/431221/ucsf-study-finds-better-way-screen-breast-cancer,932266a0f9ab,1054,2026-05-16T18:23:45+00:00
ucsf,2025,press_release,https://www.ucsf.edu/news/2025/01/429366/could-brain-aging-be-moms-fault,88efbb7081ff,865,2026-05-16T18:25:47+00:00
ucsf,2025,press_release,https://www.ucsf.edu/news/2025/10/430966/gift-will-advance-ucsfs-dementia-research-and-care,1e4d2c903b57,726,2026-05-16T18:24:01+00:00
ucsf,2025,press_release,https://www.ucsf.edu/news/2025/07/430416/ucsf-health-named-among-nations-best-2025-2026,d7b02c8f9286,872,2026-05-16T18:24:37+00:00
ucsf,2025,press_release,https://www.ucsf.edu/news/2025/01/429376/ucsf-health-advances-benioff-oakland-integration,3193beec16d9,649,2026-05-16T18:25:45+00:00
ucsf,2025,press_release,https://www.ucsf.edu/news/2025/08/430571/new-approach-smarter-safer-cancer-treatment,a631b08cc192,798,2026-05-16T18:24:23+00:00
ucsf,2025,press_release,https://www.ucsf.edu/news/2025/09/430781/ucsf-benioff-childrens-hospitals-rank-among-nations-best-2025-2026,202840452e75,816,2026-05-16T18:24:11+00:00
ucsf,2025,press_release,https://www.ucsf.edu/news/2025/11/431106/why-foreign-language-sounds-blur-non-native-ears,6a06e7c5aeef,607,2026-05-16T18:23:51+00:00
ucsf,2025,press_release,https://www.ucsf.edu/news/2025/03/429566/nih-funding-drives-ucsfs-pursuit-better-health-all,9ca5e707c6c9,532,2026-05-16T18:25:29+00:00
ucsf,2025,press_release,https://www.ucsf.edu/news/2025/10/430796/could-novel-therapy-calm-anxiety-millions-americans,e1dcd40ebe21,642,2026-05-16T18:24:15+00:00
ucsf,2025,press_release,https://www.ucsf.edu/news/2025/08/430531/chronic-pain-parkinsons-4-ways-dbs-changes-care,0627ea527d02,1277,2026-05-16T18:24:31+00:00
ucsf,2025,press_release,https://www.ucsf.edu/news/2025/05/430026/how-serious-your-brain-injury-new-criteria-will-reveal-more,313020d97980,1034,2026-05-16T18:24:57+00:00
ucsf,2025,press_release,https://www.ucsf.edu/news/2025/04/429906/how-magic-mushrooms-could-help-parkinsons-disease-patients,9d216239aabe,785,2026-05-16T18:25:09+00:00
ucsf,2025,press_release,https://www.ucsf.edu/news/2025/12/431241/do-hormones-explain-why-women-experience-more-gut-pain,a2f051038aae,977,2026-05-16T18:23:36+00:00
ucsf,2025,press_release,https://www.ucsf.edu/news/2025/10/430826/small-leak-due-big-laugh-pelvic-floor-pt-might-fix-it,e78e185d7354,907,2026-05-16T18:24:04+00:00
ucsf,2025,press_release,https://www.ucsf.edu/news/2025/09/430736/study-assesses-cancers-children-exposed-medical-imaging,e57d80655043,910,2026-05-16T18:24:15+00:00
ucsf,2025,press_release,https://www.ucsf.edu/news/2025/09/430671/how-100000-grandmas-fight-cancer-every-human-cell,bb44c447364c,1246,2026-05-16T18:24:15+00:00
ucsf,2025,press_release,https://www.ucsf.edu/news/2025/02/429511/have-acl-or-achilles-injury-your-turf-field-might-be-blame,30e777c5d558,723,2026-05-16T18:25:33+00:00
ucsf,2025,press_release,https://www.ucsf.edu/news/2025/02/429496/ucsf-health-brings-specialty-care-close-home-peninsula,a9026ee177d2,551,2026-05-16T18:25:31+00:00
ucsf,2025,press_release,https://www.ucsf.edu/news/2025/02/429476/jumbled-proteins-paint-bold-target-backs-brain-tumors,f1403d132abf,1201,2026-05-16T18:25:31+00:00
ucsf,2025,press_release,https://www.ucsf.edu/news/2025/10/430921/how-multiple-sclerosis-harms-brain-long-symptoms-appear,6beb023489f4,664,2026-05-16T18:24:00+00:00
ucsf,2025,press_release,https://www.ucsf.edu/news/2025/12/431231/ucsf-announces-new-home-school-dentistry-mission-bay,0be2f1a46702,932,2026-05-16T18:23:39+00:00
ucsf,2025,press_release,https://www.ucsf.edu/news/2025/07/430361/im-bariatric-surgeon-heres-how-weigh-glp-1-or-surgery,31d481acf7d7,786,2026-05-16T18:24:41+00:00
ucsf,2025,press_release,https://www.ucsf.edu/news/2025/08/430481/chemical-trick-could-turn-losing-malaria-drug-winner,4c1b43d51e80,714,2026-05-16T18:24:29+00:00
ucsf,2025,press_release,https://www.ucsf.edu/news/2025/04/429761/how-your-immune-system-plays-matchmaker-find-and-kill-hiv,06e162ce7c65,1456,2026-05-16T18:25:17+00:00
ucsf,2025,press_release,https://www.ucsf.edu/news/2025/05/429981/3-ucsf-scientists-are-elected-national-academy-sciences,90f83f5367f3,532,2026-05-16T18:25:05+00:00
ucsf,2025,press_release,https://www.ucsf.edu/news/2025/10/430806/who-can-get-covid-19-vaccine-and-when-best-time,6ecf611dde59,602,2026-05-16T18:24:05+00:00
ucsf,2025,press_release,https://www.ucsf.edu/news/2025/07/430471/big-data-begins-crack-case-endometriosis,7c446d4fa4ca,790,2026-05-16T18:24:31+00:00
ucsf,2025,press_release,https://www.ucsf.edu/news/2025/10/430841/why-does-female-fertility-decline-so-fast-key-ovary,de891d61e17f,1159,2026-05-16T18:24:07+00:00
ucsf,2025,press_release,https://www.ucsf.edu/news/2025/01/429291/grateful-son-jp-conte-fuels-research-parkinsons-disease-and-other-brain,bc19ad936021,614,2026-05-16T18:25:49+00:00
ucsf,2025,press_release,https://www.ucsf.edu/news/2025/07/430351/can-type-2-diabetes-be-identified-positive-diagnosis,70c6d4caf649,540,2026-05-16T18:24:39+00:00
ucsf,2025,press_release,https://www.ucsf.edu/news/2025/02/429426/mission-bay-hospitals-celebrate-10-years-impact-and-care,ab7703e5b3ea,700,2026-05-16T18:25:41+00:00
ucsf,2025,press_release,https://www.ucsf.edu/news/2025/01/429296/many-children-use-tiktok-against-rules,1217a7389435,817,2026-05-16T18:25:51+00:00
ucsf,2025,press_release,https://www.ucsf.edu/news/2025/08/430466/2-ucsfs-best-mentors-reveal-keys-successful-mentoring,b099748a019a,888,2026-05-16T18:24:29+00:00
ucsf,2025,press_release,https://www.ucsf.edu/news/2025/10/430916/laura-dannels-named-chief-human-resources-officer-ucsf,cb6e915f1295,537,2026-05-16T18:24:08+00:00
ucsf,2025,press_release,https://www.ucsf.edu/news/2025/08/430581/future-robotic-surgery-these-students-get-front-row-seat,9a16c87fbd60,1193,2026-05-16T18:24:23+00:00
ucsf,2025,press_release,https://www.ucsf.edu/news/2025/10/430981/new-tech-helps-parkinsons-patients-who-have-trouble-walking,82687003625d,821,2026-05-16T18:23:57+00:00
ucsf,2025,press_release,https://www.ucsf.edu/news/2025/11/431061/new-healthy-hopeful-care-guidelines-pregnant-women-ibd,cb12e9c7e0f2,865,2026-05-16T18:23:47+00:00
ucsf,2025,press_release,https://www.ucsf.edu/news/2025/04/429856/ucsf-selects-darnele-wright-lead-legal-team-chief-campus-counsel,2955d17062c1,555,2026-05-16T18:25:09+00:00
ucsf,2025,press_release,https://www.ucsf.edu/news/2025/09/430711/vizient-gives-ucsf-health-high-marks-patient-care-excellence,421fd5984f5a,627,2026-05-16T18:24:17+00:00
ucsf,2025,press_release,https://www.ucsf.edu/news/2025/08/430586/how-malaria-fighting-breakthrough-provides-lasting-protection,78b0ec68f2fe,735,2026-05-16T18:24:25+00:00
ucsf,2025,press_release,https://www.ucsf.edu/news/2025/11/431021/how-predict-developmental-differences-kids-heart-defects,53dbff3173da,534,2026-05-16T18:23:57+00:00
ucsf,2025,press_release,https://www.ucsf.edu/news/2025/04/429776/how-students-and-researchers-learn-together-through-ucsf-mental-health-program,debdbc1bda1c,739,2026-05-16T18:25:07+00:00
ucsf,2025,press_release,https://www.ucsf.edu/news/2025/05/430036/artificial-protein-moves-something-found-nature,b16118ce32ba,765,2026-05-16T18:24:59+00:00
ucsf,2025,press_release,https://www.ucsf.edu/news/2025/04/429791/popular-ct-scans-could-account-5-all-cancer-cases-year,939d6d4162a3,766,2026-05-16T18:25:13+00:00
ucsf,2025,press_release,https://www.ucsf.edu/news/2025/11/431096/texting-helps-ucsf-reach-more-patients-needed-care,2137299b27ea,533,2026-05-16T18:23:48+00:00
ucsf,2025,press_release,https://www.ucsf.edu/news/2025/01/429411/how-hungry-fat-cells-could-someday-starve-cancer-death,4da7c1a1f8d5,1535,2026-05-16T18:25:39+00:00
ucsf,2025,press_release,https://www.ucsf.edu/news/2025/12/431226/wearable-tech-can-help-heart-surgery-patients-stick-rehab,4966f354e6b6,677,2026-05-16T18:23:39+00:00
ucsf,2025,press_release,https://www.ucsf.edu/news/2025/04/429866/ucsf-professor-leading-advanced-nursing-classroom-clinic,53420540d282,935,2026-05-16T18:25:01+00:00
ucsf,2025,press_release,https://www.ucsf.edu/news/2025/09/430666/pesticides-and-wildfires-rise-kids-cancer-need-resources,4005962f539a,668,2026-05-16T18:24:17+00:00
ucsf,2025,press_release,https://www.ucsf.edu/news/2025/12/431236/inspiring-story-worlds-first-all-female-heart-transplant,54ae68f0eba9,1228,2026-05-16T18:23:38+00:00
ucsf,2025,press_release,https://www.ucsf.edu/news/2025/12/431181/ucsf-launches-second-neonatal-transport-reach-bay-and-beyond,343abd8ea2fa,759,2026-05-16T18:23:41+00:00
ucsf,2025,press_release,https://www.ucsf.edu/news/2025/04/429881/biotechs-birthplace-how-ucsf-sparked-medical-renaissance-twice,b51c63acf0be,1987,2026-05-16T18:24:59+00:00
ucsf,2025,press_release,https://www.ucsf.edu/news/2025/02/429516/how-build-bold-thinking-foster-scientific-breakthroughs,03e5bac7883b,1495,2026-05-16T18:25:29+00:00
ucsf,2025,press_release,https://www.ucsf.edu/news/2025/02/429531/how-our-lungs-back-bone-marrow-make-our-blood,2b7a6a6ec7fc,835,2026-05-16T18:25:33+00:00
ucsf,2025,press_release,https://www.ucsf.edu/news/2025/12/431196/ucsf-health-earns-top-national-recognition-surgical-outcomes,f69ac7d600bb,789,2026-05-16T18:23:43+00:00
ucsf,2025,press_release,https://www.ucsf.edu/news/2025/10/430951/embracing-life-after-moment-despair-golden-gate-bridge,c8d5267192b5,765,2026-05-16T18:24:03+00:00
ucsf,2025,press_release,https://www.ucsf.edu/news/2025/09/430776/nobel-legacy-5-decades-astounding-prize-winning-discoveries,280c0109a07b,1265,2026-05-16T18:24:08+00:00
ucsf,2025,press_release,https://www.ucsf.edu/news/2025/06/430166/your-fitness-tracker-could-help-doctors-spot-health-risks-early,e7f72bdae55e,1143,2026-05-16T18:24:53+00:00
ucsf,2025,press_release,https://www.ucsf.edu/news/2025/12/431136/long-term-hiv-control-could-combination-therapy-be-key,e0e115a4cbf2,700,2026-05-16T18:23:50+00:00
ucsf,2025,press_release,https://www.ucsf.edu/news/2025/10/430926/how-keep-cells-out-limbo-and-prevent-lung-scarring,36d8fc4dc471,854,2026-05-16T18:24:01+00:00
ucsf,2025,press_release,https://www.ucsf.edu/news/2025/01/429281/genes-grow-healthy-brain-could-fuel-adult-glioblastoma,6f8be407f2b6,1118,2026-05-16T18:25:53+00:00
ucsf,2025,press_release,https://www.ucsf.edu/news/2025/03/429671/liver-disease-patients-dramatically-improve-thanks-new-approach,ba4a24d794d0,746,2026-05-16T18:25:21+00:00
ucsf,2025,press_release,https://www.ucsf.edu/news/2025/12/431206/indoor-tanning-makes-youthful-skin-much-older-genetic-level,45f328ef3a9a,558,2026-05-16T18:23:42+00:00
ucsf,2025,press_release,https://www.ucsf.edu/news/2025/09/430731/danger-pesticides-raise-death-risk-60-kids-leukemia,3c67b6ac060c,576,2026-05-16T18:24:19+00:00
ucsf,2025,press_release,https://www.ucsf.edu/news/2025/06/430226/science-clears-way-treating-trickiest-bladder-cancers,d818ed4bdcbd,929,2026-05-16T18:24:45+00:00
ucsf,2025,press_release,https://www.ucsf.edu/news/2025/10/430791/holy-grail-treating-chronic-back-pain-within-reach,152dd522bddd,865,2026-05-16T18:24:11+00:00
ucsf,2025,press_release,https://www.ucsf.edu/news/2025/07/430356/meet-little-brain-region-helps-you-say-whats-your-mind,ce4d1c8820b6,818,2026-05-16T18:24:39+00:00
ucsf,2025,press_release,https://www.ucsf.edu/news/2025/04/429736/your-voice-matters-why-you-should-take-2025-staff-engagement-survey,1cd105ba1b63,773,2026-05-16T18:25:15+00:00
ucsf,2025,press_release,https://www.ucsf.edu/news/2025/04/429801/equity-maternal-care-going-beyond-one-birth-time,c5da0c391e45,1406,2026-05-16T18:25:07+00:00
ucsf,2025,press_release,https://www.ucsf.edu/news/2025/01/429311/can-employees-benefit-digital-mindfulness-program,21ed1fc8c2bf,738,2026-05-16T18:25:53+00:00
ucsf,2025,press_release,https://www.ucsf.edu/news/2025/02/429416/can-scientists-throw-wrench-cancers-growth-gears,22802039463e,947,2026-05-16T18:25:41+00:00
ucsf,2025,press_release,https://www.ucsf.edu/news/2025/07/430316/how-much-can-you-safely-drink-heres-what-know,7b7f5b301ec7,804,2026-05-16T18:24:43+00:00
ucsf,2025,press_release,https://www.ucsf.edu/news/2025/03/429561/how-paralyzed-man-moved-robotic-arm-his-thoughts,9e6f6793e775,720,2026-05-16T18:25:29+00:00
ucsf,2025,press_release,https://www.ucsf.edu/news/2025/05/430061/gift-launches-200-million-initiative-weill-cancer-hub-west,665e5f3ca04a,1560,2026-05-16T18:24:35+00:00
ucsf,2025,press_release,https://www.ucsf.edu/news/2025/04/429746/stephen-hauser-wins-breakthrough-prize-role-redefining-ms,8a871e13e9af,997,2026-05-16T18:25:15+00:00
ucsf,2025,press_release,https://www.ucsf.edu/news/2025/05/430001/how-do-middle-aged-folks-get-dementia-it-could-be-these-proteins,2ef7af397071,617,2026-05-16T18:24:57+00:00
ucsf,2025,press_release,https://www.ucsf.edu/news/2025/09/430716/can-crispr-fix-childhood-brain-disorder,bf86657167a8,1215,2026-05-16T18:24:21+00:00
ucsf,2025,press_release,https://www.ucsf.edu/news/2025/01/429331/pioneering-hiv-researcher-donates-important-career-collection-ucsf,cc62d7a6b3ce,767,2026-05-16T18:25:43+00:00
ucsf,2025,press_release,https://www.ucsf.edu/news/2025/03/429636/transforming-pediatric-care-how-ucsf-research-changing-lives,7df6558beb1b,1538,2026-05-16T18:25:21+00:00
ucsf,2025,press_release,https://www.ucsf.edu/news/2025/02/429436/how-artificial-intelligence-fostering-human-connection-health-care,c8612906f6e7,1041,2026-05-16T18:25:37+00:00
ucsf,2025,press_release,https://www.ucsf.edu/news/2025/09/430746/get-know-talented-technical-diplomats-keep-ucsf-humming,3bb8a300ebaa,838,2026-05-16T18:24:11+00:00
ucsf,2025,press_release,https://www.ucsf.edu/news/2025/06/430101/pancreatic-cancer-spreads-liver-or-lung-thanks-protein,436927734c38,505,2026-05-16T18:24:51+00:00
ucsf,2025,press_release,https://www.ucsf.edu/news/2025/11/431016/how-ucsfs-new-ibd-clinic-will-transform-care-older-adults,177a16462387,735,2026-05-16T18:23:55+00:00
ucsf,2025,press_release,https://www.ucsf.edu/news/2025/02/429541/see-exciting-new-tower-cranes-building-future-ucsf-parnassus-heights,c2b42a38e28f,1255,2026-05-16T18:25:25+00:00
ucsf,2025,press_release,https://www.ucsf.edu/news/2025/11/431111/could-precision-medicine-approach-help-you-delay-dementia,5cb885701fa9,571,2026-05-16T18:23:47+00:00
ucsf,2025,press_release,https://www.ucsf.edu/news/2025/05/429986/step-forward-treating-serious-genetic-disorders-birth,94018d84c44c,821,2026-05-16T18:24:55+00:00
ucsf,2025,press_release,https://www.ucsf.edu/news/2025/02/429551/im-long-covid-researcher-and-i-have-long-covid,9eed48fd53cb,860,2026-05-16T18:25:27+00:00
ucsf,2025,press_release,https://www.ucsf.edu/news/2025/02/429526/1-gene-variant-poised-cure-devastating-inherited-disease,349664104531,1164,2026-05-16T18:25:27+00:00
ucsf,2025,press_release,https://www.ucsf.edu/news/2025/01/429346/delayed-rem-sleep-could-be-early-sign-alzheimers,1afbc9cbd21b,645,2026-05-16T18:25:43+00:00
ucsf,2025,press_release,https://www.ucsf.edu/news/2025/09/430761/if-anti-seizure-meds-dont-work-epilepsy-can-surgery-help,880f98a0b2ee,857,2026-05-16T18:24:13+00:00
ucsf,2025,press_release,https://www.ucsf.edu/news/2025/11/431031/ucsf-chancellor-addresses-how-institution-can-ensure-its-continuum,d0117b66df23,1207,2026-05-16T18:23:55+00:00
ucsf,2025,press_release,https://www.ucsf.edu/news/2025/07/430451/how-ucsf-helping-african-infectious-disease-researchers-take-lead,3741e419ece4,1092,2026-05-16T18:24:29+00:00
ucsf,2025,press_release,https://www.ucsf.edu/news/2025/12/431166/thirdhand-smoke-hidden-danger-puts-kids-and-adults-risk,5d85d35dc57d,661,2026-05-16T18:23:41+00:00
ucsf,2025,press_release,https://www.ucsf.edu/news/2025/09/430756/these-cells-have-hidden-powers-could-heal-brain-injuries,7b069bbb0c28,540,2026-05-16T18:24:13+00:00
ucsf,2025,press_release,https://www.ucsf.edu/news/2025/01/429316/mental-health-portal-kids-and-young-adults-expands-statewide,76dd82c6c61f,672,2026-05-16T18:25:51+00:00
ucsf,2025,press_release,https://www.ucsf.edu/news/2025/07/430366/why-video-producer-says-teamwork-makes-dream-work,f552bd48cb5d,986,2026-05-16T18:24:33+00:00
ucsf,2025,press_release,https://www.ucsf.edu/news/2025/01/429306/ferry-service-mission-bay-when-youll-benefit-new-commute-option,f4858a451986,659,2026-05-16T18:25:49+00:00
ucsf,2025,press_release,https://www.ucsf.edu/news/2025/05/430006/why-ucsfs-binh-phan-believes-no-one-traveling-their-journey-alone,4da54ae8fda7,1011,2026-05-16T18:24:59+00:00
ucsf,2025,press_release,https://www.ucsf.edu/news/2025/10/430946/fatty-snacks-winter-may-trick-body-packing-pounds,da6bf81830e4,877,2026-05-16T18:23:59+00:00
ucsf,2025,press_release,https://www.ucsf.edu/news/2025/11/431011/every-time-i-relapsed-there-would-be-new-course-therapy,824875a9ac3a,719,2026-05-16T18:23:57+00:00
ucsf,2025,press_release,https://www.ucsf.edu/news/2025/06/430256/how-ai-can-help-us-make-new-medicines-faster,32b1c8e942b2,797,2026-05-16T18:24:47+00:00
ucsf,2025,press_release,https://www.ucsf.edu/news/2025/03/429661/meet-proud-ucsf-employees-related-blood-marriage-and-mission,db544c261015,1684,2026-05-16T18:25:13+00:00
ucsf,2025,press_release,https://www.ucsf.edu/news/2025/04/429861/could-molecule-be-checkmate-coronaviruses-sars-cov-2,d657235d7feb,1055,2026-05-16T18:25:07+00:00
ucsf,2025,press_release,https://www.ucsf.edu/news/2025/03/429721/50-years-discovery-and-influence-culture-science,8177731b4dd2,1145,2026-05-16T18:25:15+00:00
ucsf,2025,press_release,https://www.ucsf.edu/news/2025/04/429741/estrogen-and-progesterone-stimulate-body-make-opioids,510bb578acd7,647,2026-05-16T18:25:13+00:00
ucsf,2025,press_release,https://www.ucsf.edu/news/2025/10/430891/treat-teach-innovate-why-pharmacist-never-has-dull-day,f8dcd88be12d,1344,2026-05-16T18:24:07+00:00
ucsf,2025,press_release,https://www.ucsf.edu/news/2025/05/430031/can-gut-microbes-save-patients-chemotherapy-side-effects,dc98579bdefc,598,2026-05-16T18:24:57+00:00
ucsf,2025,press_release,https://www.ucsf.edu/news/2025/05/430046/2025-awards-honor-outstanding-achievements-ucsf-alumni,4a776969044e,549,2026-05-16T18:24:53+00:00
ucsf,2025,press_release,https://www.ucsf.edu/news/2025/07/430386/do-these-two-cancer-drugs-have-what-it-takes-beat-alzheimers,c85b76f1af13,986,2026-05-16T18:24:41+00:00
ucsf,2025,press_release,https://www.ucsf.edu/news/2025/07/430331/crispr-approach-neurodegenerative-diseases,36b4853b79e0,1101,2026-05-16T18:24:43+00:00
ucsf,2025,press_release,https://www.ucsf.edu/news/2025/06/430111/worried-about-getting-ct-scan-heres-what-ask-your-doctor,7d47bcadad5d,1060,2026-05-16T18:24:51+00:00
ucsf,2025,press_release,https://www.ucsf.edu/news/2025/06/430206/im-spine-doctor-heres-how-i-take-care-my-back,b1e62f7898ba,820,2026-05-16T18:24:49+00:00
ucsf,2025,press_release,https://www.ucsf.edu/news/2025/04/429921/ucsf-health-hospitals-earn-top-honors-patient-safety,7f16b6117a07,643,2026-05-16T18:25:05+00:00
ucsf,2025,press_release,https://www.ucsf.edu/news/2025/02/429506/new-treatment-can-adjust-parkinsons-symptoms-real-time,042a8b0d7da0,626,2026-05-16T18:25:35+00:00
ucsf,2025,press_release,https://www.ucsf.edu/news/2025/03/429556/fight-against-tb-was-frozen-time-until-now-see-its-future,49848a7f8714,1164,2026-05-16T18:25:27+00:00
ucsf,2025,press_release,https://www.ucsf.edu/news/2025/04/429841/greta-schnetzler-ucsf-legal-leader-20-years-retire,99695eff01e5,851,2026-05-16T18:25:11+00:00
ucsf,2025,press_release,https://www.ucsf.edu/news/2025/01/429406/how-ucsf-scientist-helped-ban-chemical-connected-parkinsons,c473b189ff37,825,2026-05-16T18:25:45+00:00
ucsf,2025,press_release,https://www.ucsf.edu/news/2025/02/429486/how-common-illegal-drug-use-among-people-who-are-homeless,8ad1cf120858,727,2026-05-16T18:25:33+00:00
ucsf,2025,press_release,https://www.ucsf.edu/news/2025/05/430096/how-funds-raised-aids-walk-help-ucsfs-hiv-research-and-programming,6ad22323bdf4,640,2026-05-16T18:24:47+00:00
ucsf,2025,press_release,https://www.ucsf.edu/news/2025/02/429491/healthy-vitamin-b12-levels-not-enough-ward-neuro-decline,fcc274bb6431,588,2026-05-16T18:25:35+00:00
ucsf,2025,press_release,https://www.ucsf.edu/news/2025/06/430236/bioinformatics-pioneer-atul-butte-dies-at-55,70a220c34711,1441,2026-05-16T18:24:45+00:00
ucsf,2025,press_release,https://www.ucsf.edu/news/2025/01/429336/im-stroke-doctor-heres-how-i-reduce-my-own-risk,52302a8e4bcd,831,2026-05-16T18:25:47+00:00
ucsf,2025,press_release,https://www.ucsf.edu/news/2025/08/430616/3-learners-and-alum-explain-how-dnp-helps-improve-patient-care,92e133c6f43f,1207,2026-05-16T18:24:27+00:00
ucsf,2025,press_release,https://www.ucsf.edu/news/2025/01/429351/whats-behind-preterm-birth-scientists-just-found-big-clue,466951f166fb,827,2026-05-16T18:25:47+00:00
ucsf,2025,press_release,https://www.ucsf.edu/news/2025/09/430651/back-school-means-back-headaches-some-kids-heres-what-know,c31a676a5b5e,1314,2026-05-16T18:24:19+00:00
ucsf,2025,press_release,https://www.ucsf.edu/news/2025/03/429571/silent-x-chromosome-gives-aging-female-brain-boost,373fae748454,764,2026-05-16T18:25:25+00:00
ucsf,2025,press_release,https://www.ucsf.edu/news/2025/03/429606/injectable-therapy-magic-those-who-cant-take-hiv-pills,8621f3f43372,641,2026-05-16T18:25:25+00:00
ucsf,2025,press_release,https://www.ucsf.edu/news/2025/08/430516/vibrant-dogpatch-mural-brings-blank-wall-life-near-ucsf-mission-bay,858765ea912a,600,2026-05-16T18:24:25+00:00
ucsf,2025,press_release,https://www.ucsf.edu/news/2025/04/429656/how-ucsfs-retail-services-leader-makes-it-all-work-so-seamlessly,5a83b5eb20ee,791,2026-05-16T18:25:17+00:00
ucsf,2025,press_release,https://www.ucsf.edu/news/2025/01/429356/prostate-cancer-expert-felix-feng-dies-at-48,fbd5d2826c13,1635,2026-05-16T18:25:45+00:00
ucsf,2025,press_release,https://www.ucsf.edu/news/2025/01/429401/alarming-rise-rates-advanced-prostate-cancer-california,8a7dd3b25813,708,2026-05-16T18:25:39+00:00
ucsf,2025,press_release,https://www.ucsf.edu/news/2025/10/430911/opportunity-rx-could-be-new-path-out-pharmacy-deserts,49dee026a572,844,2026-05-16T18:24:03+00:00
ucsf,2025,press_release,https://www.ucsf.edu/news/2025/10/431001/why-it-so-hard-adjust-when-clocks-fall-back,63aa68c8cfc8,631,2026-05-16T18:23:53+00:00
ucsf,2025,press_release,https://www.ucsf.edu/news/2025/01/429371/doctors-test-new-way-help-people-quit-fentanyl,996f1b40de98,701,2026-05-16T18:25:43+00:00
ucsf,2025,press_release,https://www.ucsf.edu/news/2025/10/430896/ucsf-health-marks-new-chapter-strengthening-community-hospitals,e0e9e43305f6,1043,2026-05-16T18:24:07+00:00
ucsf,2025,press_release,https://www.ucsf.edu/news/2025/04/429901/teens-go-all-celebrating-under-prom-lights,4cd6201b9a5e,760,2026-05-16T18:25:03+00:00
ucsf,2025,press_release,https://www.ucsf.edu/news/2025/10/430821/could-birth-control-shot-increase-your-risk-brain-tumor,13b533164668,579,2026-05-16T18:24:05+00:00
ucsf,2025,press_release,https://www.ucsf.edu/news/2025/02/429431/could-bacteria-killing-virus-help-solve-antibiotic-resistance,b8f5ce4c8ea5,833,2026-05-16T18:25:41+00:00
ucsf,2025,press_release,https://www.ucsf.edu/news/2025/04/429806/priming-tumors-be-defeated-cancer-immunotherapy,41d26959c0c7,828,2026-05-16T18:25:09+00:00
ucsf,2025,press_release,https://www.ucsf.edu/news/2025/05/430056/mpox-research-helping-scientists-prepare-new-pandemic,222ffa8ed226,969,2026-05-16T18:24:51+00:00
ucsf,2025,press_release,https://www.ucsf.edu/news/2025/07/430446/why-smart-people-fall-false-information-and-what-do-about-it,fb78bd9e8f68,1261,2026-05-16T18:24:37+00:00
ucsf,2025,press_release,https://www.ucsf.edu/news/2025/12/431186/can-we-solve-mystery-behind-cleft-lip-and-palate-infants,0654fe9b7ecc,1038,2026-05-16T18:23:41+00:00
ucsf,2025,press_release,https://www.ucsf.edu/news/2025/07/430346/ucsf-mourns-loss-of-william-j-rutter,ce9051f4f598,989,2026-05-16T18:24:43+00:00
ucsf,2025,press_release,https://www.ucsf.edu/news/2025/04/429871/ucsf-employees-can-now-take-uber-shuttles-mission-bay-heres-how-ride,061131cd2813,620,2026-05-16T18:25:01+00:00
ucsf,2025,press_release,https://www.ucsf.edu/news/2025/05/430011/yes-social-media-might-be-making-kids-depressed,e5808285c729,519,2026-05-16T18:24:55+00:00
ucsf,2025,press_release,https://www.ucsf.edu/news/2025/03/429666/ucsf-fresno-celebrates-50-years-training-local-doctors,8e8b60d18442,951,2026-05-16T18:25:23+00:00
ucsf,2025,press_release,https://www.ucsf.edu/news/2025/06/430306/mental-health-and-poverty-are-top-concerns-east-bay-residents,a9251db2eb0a,854,2026-05-16T18:24:45+00:00
ucsf,2025,press_release,https://www.ucsf.edu/news/2025/06/430221/meet-unsung-hero-playing-small-part-dental-students-success,bae8caa8cdf0,1057,2026-05-16T18:24:39+00:00
ucsf,2025,press_release,https://www.ucsf.edu/news/2025/03/429611/ucsfs-5m-investment-helps-revitalize-beloved-neighborhood-open-space,2f6b4256344a,808,2026-05-16T18:25:23+00:00
ucsf,2025,press_release,https://www.ucsf.edu/news/2025/03/429646/researchers-learn-how-drug-called-zotatifin-kills-cancer-cells,608e3e5770dc,764,2026-05-16T18:25:19+00:00
michigan,2016,press_release,https://web.archive.org/web/20160704075615/http://labblog.uofmhealth.org:80/body-work/worlds-smallest-pacemaker-can-help-stop-surgical-complications?,62c1f54d5d18,600,2026-05-16T18:28:35+00:00
michigan,2020,press_release,https://web.archive.org/web/20200701135109/https://labblog.uofmhealth.org/body-work/does-bariatric-surgery-help-or-harm-patients-eskd,dac1e7a556f8,649,2026-05-16T18:28:38+00:00
michigan,2021,press_release,https://web.archive.org/web/20210701145223/https://labblog.uofmhealth.org/body-work/personalized-medicine-not-x-rays-should-guide-common-forearm-fracture-treatments-older?amp,7d76e3a2c1ca,634,2026-05-16T18:28:38+00:00
michigan,2019,press_release,https://web.archive.org/web/20190701130351/https://labblog.uofmhealth.org/body-work/does-anesthesia-invasive-surgery-increase-multiple-sclerosis-relapse-risk,e622bdcc8d9d,679,2026-05-16T18:28:36+00:00
michigan,2017,press_release,https://web.archive.org/web/20170628194715/http://labblog.uofmhealth.org/body-work/does-exercise-affect-brains-aging-process-u-m-research-aims-to-find-out?utm_source=newsletter&utm_medium=email&utm_content=Here%27s%20how%20they%27re%20doing%20it&utm_campaign=20170526%20Weekly%20Digest,bde28cef6505,748,2026-05-16T18:28:35+00:00
michigan,2023,press_release,https://web.archive.org/web/20230119140640/https://labblog.uofmhealth.org/body-work/gut-bugs-control-bodys-thermostat,aa8671e690bb,725,2026-05-16T18:28:40+00:00
michigan,2022,press_release,https://web.archive.org/web/20220701160526/https://labblog.uofmhealth.org/body-work/how-mri-and-ct-predict-flap-failure-after-head-and-neck-reconstructive-cancer-surgery?amp,e8dbef6d4ac0,728,2026-05-16T18:28:38+00:00
stanford,2016,press_release,https://web.archive.org/web/20160611212850/https://stanfordhealthcare.org/?kwcid=adwords&campaignid=194581047&adgroup=18258712527&keyword=stanford%20health&matchtype=e&position=1t1&gclid=CPyc46uk38wCFUlufgodu_wCEQ,4bed0fa9adc6,517,2026-05-16T18:18:06+00:00
stanford,2018,press_release,https://web.archive.org/web/20180616002057/https://stanfordhealthcare.org/newsroom/articles/2013/mulic-breast-cancers-facts.html,9c29bdf5bc99,1184,2026-05-16T18:21:36+00:00
stanford,2018,press_release,https://web.archive.org/web/20180613221116/https://stanfordhealthcare.org/about-us/disclaimer.html,334f3fe5c6ee,694,2026-05-16T18:18:08+00:00
stanford,2019,press_release,https://web.archive.org/web/20190716102956/https://stanfordhealthcare.org/newsroom/news/press-releases/2014/macinnes-moyamoya.html,4fb87a9b47c4,1526,2026-05-16T18:29:21+00:00
stanford,2017,press_release,https://web.archive.org/web/20170613153804/https://stanfordhealthcare.org/about-us/disclaimer.html,79f85a8b646f,694,2026-05-16T18:18:06+00:00
stanford,2023,press_release,https://med.stanford.edu/news/insights/2023/08/migraine-headaches-what-are-they-and-how-do-you-treat-them.html,d7f4222c97ac,879,2026-05-16T18:18:20+00:00
stanford,2023,press_release,https://web.archive.org/web/20230710132313/https://stanfordhealthcare.org/about-us/_jcr_content/pv-index-parsys/columns_copy/parsysleft/imagewithcaption/image.img.476.high.jpg/1656346508591.jpg,3fef527563bd,643,2026-05-16T18:18:10+00:00
stanford,2024,press_release,https://med.stanford.edu/news/all-news/2024/08/massive-biomolecular-shifts-occur-in-our-40s-and-60s--stanford-m.html,cd21f563f4ec,879,2026-05-16T18:18:19+00:00
stanford,2024,press_release,https://web.archive.org/web/20240709084807/https://stanfordhealthcare.org/newsroom/news/press-releases/2014/buchanan-otolaryngology.html,2e241b312fbe,1600,2026-05-16T18:21:35+00:00
stanford,2024,press_release,https://med.stanford.edu/news/all-news/2024/10/arpa-h-contracts.html,98f1ed1c5ad2,1169,2026-05-16T18:18:14+00:00
stanford,2024,press_release,https://med.stanford.edu/news/all-news/2024/09/big-ideas-conference.html,3e4e3a4afeae,1675,2026-05-16T18:18:20+00:00
stanford,2024,press_release,https://med.stanford.edu/news/all-news/2024/11/car-t-brain-cancer.html,2dabb0d920a4,2108,2026-05-16T18:18:14+00:00
stanford,2025,press_release,https://med.stanford.edu/news/all-news/2025/06/graduation-2025.html,6dbcdd30d94c,1425,2026-05-16T18:18:16+00:00
stanford,2025,press_release,https://med.stanford.edu/news/insights/2025/09/rethinking-alzheimers-gene-variant-apoe4.html,6525f12ad25b,1789,2026-05-16T18:18:20+00:00
stanford,2025,press_release,https://med.stanford.edu/news/all-news/2025/07/tri-valley-residency.html,5ce64357ea11,571,2026-05-16T18:18:16+00:00
stanford,2025,press_release,https://med.stanford.edu/news/insights/2025/03/gut-brain-connection-long-covid-anxiety-parkinsons.html,6c9a8bd8f642,1894,2026-05-16T18:18:10+00:00
stanford,2025,press_release,https://web.archive.org/web/20250709055631/https://stanfordhealthcare.org/newsroom/news/news-updates/2013/laderriere-autonomic-dysfunction.html,8734ecd3480a,1359,2026-05-16T18:21:33+00:00
stanford,2025,press_release,https://med.stanford.edu/news/insights/2025/12/childhood-vaccines--five-things-parents-should-know.html,29058b9c3d08,1191,2026-05-16T18:18:14+00:00
stanford,2025,press_release,https://med.stanford.edu/news/insights/2025/12/stress-management-coping-skills-and-tools.html,16d8d4dbd11d,1205,2026-05-16T18:18:19+00:00
stanford,2025,press_release,https://med.stanford.edu/news/all-news/2025/12/myocarditis-vaccine-covid.html,164ee9588e57,1512,2026-05-16T18:18:12+00:00
stanford,2025,press_release,https://med.stanford.edu/news/insights/2025/12/childhood-vaccines--five-things-parents-should-know.html#relatedarticles,7f340947016a,1191,2026-05-16T18:18:19+00:00
stanford,2025,press_release,https://med.stanford.edu/news/all-news/2025/08/ultrasound-drug.html,413c198a9d9e,1215,2026-05-16T18:18:12+00:00
stanford,2025,press_release,https://med.stanford.edu/news/insights/2025/05/measles-risk-vaccination-young-old.html,e2577799f0de,1991,2026-05-16T18:18:16+00:00
stanford,2025,press_release,https://med.stanford.edu/news/all-news/2025/07/stem-cell-transplant.html,b63ea828f618,1656,2026-05-16T18:18:12+00:00
ucdavis,2020,press_release,https://web.archive.org/web/20200716203828/https://health.ucdavis.edu/newsroom/facts_figures/index.html,79eaf830cb30,1026,2026-05-16T18:28:49+00:00
ucdavis,2023,press_release,https://health.ucdavis.edu/medical-center/news/headlines/uc-davis-health-earns-prestigious-magnet-designation-for-third-time/2023/06,413f5f529cb0,530,2026-05-16T18:18:01+00:00
ucdavis,2025,press_release,https://health.ucdavis.edu/news/es/headlines/las-pruebas-genticas-salvan-vidas-pero-muchos-desconocen-riesgos-hereditarios-de-cncer/2025/12,4a2f9e1dc7d5,706,2026-05-16T18:18:03+00:00
ucsf,2018,press_release,https://web.archive.org/web/20180730004926/https://www.ucsfhealth.org/news/2011/05/brisk_walking_may_help_men_with_prostate_cancer_ucsf_study_f.html,bea13ebd91bd,694,2026-05-16T19:14:14+00:00
ucsf,2017,press_release,https://web.archive.org/web/20170729045254/https://www.ucsfhealth.org/news/2011/04/ucsf_neurosurgeons_test_new_device_for_placing_brain_implant.html,db7cf52414f7,671,2026-05-16T19:14:14+00:00
michigan,2011,press_release,https://web.archive.org/web/20110724034637/http://www.uofmhealth.org/news/07/22/2010,6feef96158d3,4128,2026-05-16T19:20:57+00:00
stanford,2016,press_release,https://web.archive.org/web/20160927132708/http://med.stanford.edu/news/all-news/2011/03/scientists-discover-anti-anxiety-circuit-in-brain-region-considered-the-seat-of-fear.html,d0bb28e65e5c,1021,2026-05-16T19:17:41+00:00
stanford,2016,press_release,https://web.archive.org/web/20160927044215/http://med.stanford.edu/news/all-news/2007/11/rapid-response-teams-save-childrens-lives-at-packard-childrens-hospital.html,4ae2308d34d5,806,2026-05-16T19:17:36+00:00
stanford,2016,press_release,https://web.archive.org/web/20160803193953/http://med.stanford.edu/news/all-news/2011/05/stanfordpackard-language-development-study-needs-toddlers.html,fc7860a9640b,525,2026-05-16T19:17:32+00:00
stanford,2016,press_release,https://web.archive.org/web/20160725154417/https://stanfordhealthcare.org/newsroom/articles/2016/stanford-health-care-2016-US-womens-open.html,c6ee1c5b5f40,544,2026-05-16T19:14:18+00:00
stanford,2016,press_release,https://web.archive.org/web/20160927020810/http://med.stanford.edu/news/all-news/2008/01/researchers-find-great-granddaddy-of-human-blood-cells.html,80a6c99c11ab,577,2026-05-16T19:17:41+00:00
stanford,2020,press_release,https://web.archive.org/web/20200803205553/https://stanfordhealthcare.org/newsroom/news/press-releases/2019/stanford-health-care-valleycare-appoints-richard-shumway-president-ceo.html,1bc1e39245d9,653,2026-05-16T19:14:18+00:00
stanford,2021,press_release,https://web.archive.org/web/20210706232722/https://stanfordhealthcare.org/newsroom/news/press-releases/2013/duckworth-skin-cancer-screening.html,2752b64a6aae,730,2026-05-16T19:14:21+00:00
stanford,2017,press_release,https://web.archive.org/web/20170702044232/https://stanfordhealthcare.org/newsroom/articles/2016/adult-congenital-heart-program-offers-care-adults-born-heart-defects.html,24951acb5560,618,2026-05-16T19:14:22+00:00
stanford,2015,press_release,https://web.archive.org/web/20150316082629/https://stanfordhealthcare.org/newsroom/articles/2015/colon-cancer-qa.html,f154865c8d75,847,2026-05-16T19:18:42+00:00
stanford,2015,press_release,https://web.archive.org/web/20150629171436/https://stanfordhealthcare.org/newsroom/articles/2013/outpatient-cancer-center.html,c4f3e96ec516,676,2026-05-16T19:18:41+00:00
stanford,2015,press_release,https://web.archive.org/web/20150701171440/https://stanfordhealthcare.org/newsroom/articles/2013/outpatient-cancer-center.html,ef14a0f05e1c,676,2026-05-16T19:14:16+00:00
stanford,2023,press_release,https://web.archive.org/web/20230625100508/https://stanfordhealthcare.org/newsroom/news/press-releases/2014/macinnes-moyamoya.html,7bb4737944c9,1311,2026-05-16T19:14:26+00:00
stanford,2014,press_release,https://web.archive.org/web/20140616191100/http://med.stanford.edu:80/news/all-news/2000/04/kornberg.html,82801ad86449,1164,2026-05-16T19:14:28+00:00
stanford,2014,press_release,https://web.archive.org/web/20141019065853/http://stanfordhealthcare.org:80/newsroom/articles/2010/tremmel-coronary-procedure.html,2b11883f28e6,1082,2026-05-16T19:17:56+00:00
stanford,2014,press_release,https://web.archive.org/web/20140613102826/http://med.stanford.edu:80/news/all-news/2010/10/family-therapy-for-anorexia-more-effective-than-individual-therapy-researchers-find.html,2fa8b53bb209,962,2026-05-16T19:14:26+00:00
stanford,2014,press_release,https://web.archive.org/web/20141019065941/http://stanfordhealthcare.org:80/newsroom/articles/2012/byerwalter-qa.html,7d6283cd4adf,1107,2026-05-16T19:17:55+00:00
stanford,2014,press_release,https://web.archive.org/web/20140616192120/http://med.stanford.edu:80/news/all-news/2000/06/tartar-control-for-the-joints.html,408ecbbd8134,788,2026-05-16T19:14:28+00:00
stanford,2014,press_release,https://web.archive.org/web/20141009054316/http://med.stanford.edu/news/all-news/2005/09/nih-awards-grant-to-stanford-to-launch-biomedical-computation-center.html,e07a9aead01f,834,2026-05-16T19:15:12+00:00
stanford,2014,press_release,https://web.archive.org/web/20141019011322/http://stanfordhealthcare.org:80/newsroom/articles/2013/cataract-laser-surgery.html,3f93e3a6aa88,1003,2026-05-16T19:17:49+00:00
stanford,2014,press_release,https://web.archive.org/web/20141019065921/http://stanfordhealthcare.org:80/newsroom/articles/2011/heart-transplant-gives-arrhythmia-patient-new-lease-on-life.html,f3e78a9bcfee,849,2026-05-16T19:17:53+00:00
stanford,2014,press_release,https://web.archive.org/web/20141020050631/http://med.stanford.edu/news/all-news/2007/11/pedometers-help-people-stay-active-stanford-study-finds.html,d2fe2c6157a7,906,2026-05-16T19:15:12+00:00
stanford,2014,press_release,https://web.archive.org/web/20141012055202/http://stanfordhealthcare.org:80/newsroom/articles/2014/greiner-dermato-oncology.html,a014681c072f,1059,2026-05-16T19:17:49+00:00
stanford,2014,press_release,https://web.archive.org/web/20140810120557/http://stanfordhealthcare.org/newsroom/articles/2014/koellsted-brain-seizure.html,94c0e0f22948,1456,2026-05-16T19:17:44+00:00
stanford,2014,press_release,https://web.archive.org/web/20140919044824/http://stanfordhealthcare.org:80/newsroom/articles/jason-pablo-heart-transplant.html,46f1cb391fb4,1417,2026-05-16T19:17:47+00:00
stanford,2014,press_release,https://web.archive.org/web/20140905002942/http://stanfordhealthcare.org:80/newsroom/articles/2014/deactivate-heart-pump.html,080c4494f9bc,987,2026-05-16T19:17:47+00:00
stanford,2014,press_release,https://web.archive.org/web/20140802005733/http://stanfordhealthcare.org:80/newsroom/articles/2013/duckworth-skin-cancer-screening.html,b64ff53a5471,947,2026-05-16T19:17:41+00:00
stanford,2014,press_release,https://web.archive.org/web/20140802153948/http://stanfordhealthcare.org:80/newsroom/articles/2013/behera-lung-cancer.html,6f344a53c15b,884,2026-05-16T19:17:46+00:00
stanford,2014,press_release,https://web.archive.org/web/20140825014747/http://stanfordhealthcare.org:80/newsroom/articles/2014/rasmussen-heart-lung-transplant.html,dd97b25a2275,1588,2026-05-16T19:17:45+00:00
stanford,2014,press_release,https://web.archive.org/web/20140616195109/http://med.stanford.edu:80/news/all-news/2011/07/social-deficits-associated-with-autism-schizophrenia-induced-in-mice-with-new-technology-pioneered-by-stanford-scientists.html,1f85904985a4,1260,2026-05-16T19:14:28+00:00
